﻿<?xml version="1.0" encoding="utf-8"?>
<ImportExportXml version="6.1.0000.0581" SolutionPackageVersion="6.0" languagecode="1033" generatedBy="OnPremise" xmlns:xsi="http://www.w3.org/2001/XMLSchema-instance">
  <SolutionManifest>
    <UniqueName>RibbonWorkbench2016</UniqueName>
    <LocalizedNames>
      <LocalizedName description="Ribbon Workbench" languagecode="1033" />
    </LocalizedNames>
    <Descriptions>
      <Description description="For terms and conditions please see http://develop1.net/public/page/Download-License.aspx" languagecode="1033" />
    </Descriptions>
    <Version>3.1.647.1</Version>
    <Managed>1</Managed>
    <Publisher>
      <UniqueName>ribbonworkbench</UniqueName>
      <LocalizedNames>
        <LocalizedName description="Develop 1 Ltd" languagecode="1033" />
      </LocalizedNames>
      <Descriptions />
      <EMailAddress xsi:nil="true"></EMailAddress>
      <SupportingWebsiteUrl xsi:nil="true"></SupportingWebsiteUrl>
      <CustomizationPrefix>rwb</CustomizationPrefix>
      <CustomizationOptionValuePrefix>11793</CustomizationOptionValuePrefix>
      <Addresses>
        <Address>
          <AddressNumber>1</AddressNumber>
          <AddressTypeCode>1</AddressTypeCode>
          <City xsi:nil="true"></City>
          <County xsi:nil="true"></County>
          <Country xsi:nil="true"></Country>
          <Fax xsi:nil="true"></Fax>
          <FreightTermsCode xsi:nil="true"></FreightTermsCode>
          <ImportSequenceNumber xsi:nil="true"></ImportSequenceNumber>
          <Latitude xsi:nil="true"></Latitude>
          <Line1 xsi:nil="true"></Line1>
          <Line2 xsi:nil="true"></Line2>
          <Line3 xsi:nil="true"></Line3>
          <Longitude xsi:nil="true"></Longitude>
          <Name xsi:nil="true"></Name>
          <PostalCode xsi:nil="true"></PostalCode>
          <PostOfficeBox xsi:nil="true"></PostOfficeBox>
          <PrimaryContactName xsi:nil="true"></PrimaryContactName>
          <ShippingMethodCode>1</ShippingMethodCode>
          <StateOrProvince xsi:nil="true"></StateOrProvince>
          <Telephone1 xsi:nil="true"></Telephone1>
          <Telephone2 xsi:nil="true"></Telephone2>
          <Telephone3 xsi:nil="true"></Telephone3>
          <TimeZoneRuleVersionNumber xsi:nil="true"></TimeZoneRuleVersionNumber>
          <UPSZone xsi:nil="true"></UPSZone>
          <UTCOffset xsi:nil="true"></UTCOffset>
          <UTCConversionTimeZoneCode xsi:nil="true"></UTCConversionTimeZoneCode>
        </Address>
        <Address>
          <AddressNumber>2</AddressNumber>
          <AddressTypeCode>1</AddressTypeCode>
          <City xsi:nil="true"></City>
          <County xsi:nil="true"></County>
          <Country xsi:nil="true"></Country>
          <Fax xsi:nil="true"></Fax>
          <FreightTermsCode xsi:nil="true"></FreightTermsCode>
          <ImportSequenceNumber xsi:nil="true"></ImportSequenceNumber>
          <Latitude xsi:nil="true"></Latitude>
          <Line1 xsi:nil="true"></Line1>
          <Line2 xsi:nil="true"></Line2>
          <Line3 xsi:nil="true"></Line3>
          <Longitude xsi:nil="true"></Longitude>
          <Name xsi:nil="true"></Name>
          <PostalCode xsi:nil="true"></PostalCode>
          <PostOfficeBox xsi:nil="true"></PostOfficeBox>
          <PrimaryContactName xsi:nil="true"></PrimaryContactName>
          <ShippingMethodCode>1</ShippingMethodCode>
          <StateOrProvince xsi:nil="true"></StateOrProvince>
          <Telephone1 xsi:nil="true"></Telephone1>
          <Telephone2 xsi:nil="true"></Telephone2>
          <Telephone3 xsi:nil="true"></Telephone3>
          <TimeZoneRuleVersionNumber xsi:nil="true"></TimeZoneRuleVersionNumber>
          <UPSZone xsi:nil="true"></UPSZone>
          <UTCOffset xsi:nil="true"></UTCOffset>
          <UTCConversionTimeZoneCode xsi:nil="true"></UTCConversionTimeZoneCode>
        </Address>
      </Addresses>
    </Publisher>
    <RootComponents>
      <RootComponent type="29" id="{1b185239-0c7a-43d3-9fe6-cf73bb4c1036}" />
      <RootComponent type="50" schemaName=":RibbonDiffXml" />
      <RootComponent type="61" schemaName="rwb_/css/images/btn_lookup_resolving.gif" />
      <RootComponent type="61" schemaName="rwb_/css/images/control_imgs.png" />
      <RootComponent type="61" schemaName="rwb_/css/images/grid_ctrl_imgs.png" />
      <RootComponent type="61" schemaName="rwb_/css/images/inlineedit_images.png" />
      <RootComponent type="61" schemaName="rwb_/css/images/progress.gif" />
      <RootComponent type="61" schemaName="rwb_/css/images/transparent_spacer.gif" />
      <RootComponent type="61" schemaName="rwb_/css/images/ui_icons_222222_256x240.png" />
      <RootComponent type="61" schemaName="rwb_/css/images/ui_icons_3f5ac6_256x240.png" />
      <RootComponent type="61" schemaName="rwb_/css/images/ui_icons_888888_256x240.png" />
      <RootComponent type="61" schemaName="rwb_/css/rwb.css" />
      <RootComponent type="61" schemaName="rwb_/css/sparkle.css" />
      <RootComponent type="61" schemaName="rwb_/css/sparkle_jquery_ui.css" />
      <RootComponent type="61" schemaName="rwb_/html/EditCommandBar.htm" />
      <RootComponent type="61" schemaName="rwb_/html/templates.htm" />
      <RootComponent type="61" schemaName="rwb_/images/rwb2016.png" />
      <RootComponent type="61" schemaName="rwb_/js/ClientUI.js" />
      <RootComponent type="91" schemaName="RWB2016.Plugins, Version=1.0.0.0, Culture=neutral, PublicKeyToken=1a4d6280d7e90857" />
      <RootComponent type="92" id="{ac49cdfa-aeef-e611-81d5-0800278d9765}" />
    </RootComponents>
    <MissingDependencies />
  </SolutionManifest>
</ImportExportXml>